{"v":"5.5.7","meta":{"g":"LottieFiles AE 0.1.20","a":"","k":"","d":"","tc":""},"fr":60,"ip":0,"op":240,"w":1019,"h":1232,"nm":"activity indicator_bands 4 Mar","ddd":0,"assets":[],"layers":[{"ddd":0,"ind":1,"ty":4,"nm":"Layer 15 Outlines","sr":1,"ks":{"o":{"a":0,"k":100,"ix":11},"r":{"a":0,"k":0,"ix":10},"p":{"a":0,"k":[305.256,788.397,0],"ix":2},"a":{"a":0,"k":[298.589,436.323,0],"ix":1},"s":{"a":0,"k":[100,100,100],"ix":6}},"ao":0,"shapes":[{"ty":"gr","it":[{"ind":0,"ty":"sh","ix":1,"ks":{"a":0,"k":{"i":[[0,0],[-3.53,-0.32],[-0.67,4.59],[3.52,0.32],[0.69,-4.59]],"o":[[-0.7,4.59],[3.53,0.32],[0.67,-4.59],[-3.52,-0.32],[0,0]],"v":[[-6.38,-0.58],[-1.26,8.31],[6.41,0.57],[1.31,-8.31],[-6.38,-0.59]],"c":true},"ix":2},"nm":"Path 1","mn":"ADBE Vector Shape - Group","hd":false},{"ty":"st","c":{"a":0,"k":[0,0,0,1],"ix":3},"o":{"a":0,"k":100,"ix":4},"w":{"a":0,"k":1,"ix":5},"lc":1,"lj":1,"ml":10,"bm":0,"nm":"Stroke 1","mn":"ADBE Vector Graphic - Stroke","hd":false},{"ty":"fl","c":{"a":0,"k":[0,0,0,1],"ix":4},"o":{"a":0,"k":100,"ix":5},"r":1,"bm":0,"nm":"Fill 1","mn":"ADBE Vector Graphic - Fill","hd":false},{"ty":"tr","p":{"a":0,"k":[270.426,163.995],"ix":2},"a":{"a":0,"k":[0,0],"ix":1},"s":{"a":0,"k":[100,100],"ix":3},"r":{"a":0,"k":0,"ix":6},"o":{"a":0,"k":100,"ix":7},"sk":{"a":0,"k":0,"ix":4},"sa":{"a":0,"k":0,"ix":5},"nm":"Transform"}],"nm":"Group 1","np":3,"cix":2,"bm":0,"ix":1,"mn":"ADBE Vector Group","hd":false},{"ty":"gr","it":[{"ind":0,"ty":"sh","ix":1,"ks":{"a":0,"k":{"i":[[0,0],[-3.53,-0.32],[-0.68,4.59],[3.53,0.33],[0.68,-4.59]],"o":[[-0.7,4.58],[3.53,0.32],[0.68,-4.59],[-3.53,-0.33],[0,0]],"v":[[-6.39,-0.565],[-1.27,8.315],[6.41,0.575],[1.3,-8.305],[-6.38,-0.585]],"c":true},"ix":2},"nm":"Path 1","mn":"ADBE Vector Shape - Group","hd":false},{"ty":"st","c":{"a":0,"k":[0,0,0,1],"ix":3},"o":{"a":0,"k":100,"ix":4},"w":{"a":0,"k":1,"ix":5},"lc":1,"lj":1,"ml":10,"bm":0,"nm":"Stroke 1","mn":"ADBE Vector Graphic - Stroke","hd":false},{"ty":"fl","c":{"a":0,"k":[0,0,0,1],"ix":4},"o":{"a":0,"k":100,"ix":5},"r":1,"bm":0,"nm":"Fill 1","mn":"ADBE Vector Graphic - Fill","hd":false},{"ty":"tr","p":{"a":0,"k":[477.386,228.22],"ix":2},"a":{"a":0,"k":[0,0],"ix":1},"s":{"a":0,"k":[100,100],"ix":3},"r":{"a":0,"k":0,"ix":6},"o":{"a":0,"k":100,"ix":7},"sk":{"a":0,"k":0,"ix":4},"sa":{"a":0,"k":0,"ix":5},"nm":"Transform"}],"nm":"Group 2","np":3,"cix":2,"bm":0,"ix":2,"mn":"ADBE Vector Group","hd":false},{"ty":"gr","it":[{"ind":0,"ty":"sh","ix":1,"ks":{"a":0,"k":{"i":[[0,0],[-47.33,-14.06],[-27.23,33.18]],"o":[[4.401,43.38],[46.65,13.82],[0,0]],"v":[[-104.965,-54.94],[-18.334,41.12],[104.965,8.85]],"c":false},"ix":2},"nm":"Path 1","mn":"ADBE Vector Shape - Group","hd":false},{"ty":"st","c":{"a":0,"k":[0,0,0,1],"ix":3},"o":{"a":0,"k":100,"ix":4},"w":{"a":0,"k":6,"ix":5},"lc":1,"lj":1,"ml":10,"bm":0,"nm":"Stroke 1","mn":"ADBE Vector Graphic - Stroke","hd":false},{"ty":"tr","p":{"a":0,"k":[362.36,261.775],"ix":2},"a":{"a":0,"k":[0,0],"ix":1},"s":{"a":0,"k":[100,100],"ix":3},"r":{"a":0,"k":0,"ix":6},"o":{"a":0,"k":100,"ix":7},"sk":{"a":0,"k":0,"ix":4},"sa":{"a":0,"k":0,"ix":5},"nm":"Transform"}],"nm":"Group 3","np":2,"cix":2,"bm":0,"ix":3,"mn":"ADBE Vector Group","hd":false},{"ty":"gr","it":[{"ind":0,"ty":"sh","ix":1,"ks":{"a":0,"k":{"i":[[0,0],[0,0],[-0.848,0.078],[-0.753,0.396],[-0.544,0.654],[-0.253,0.813],[0,0],[0.067,0.854],[0.39,0.764],[0.651,0.557],[0.815,0.264],[0,0],[0,0],[1.525,-0.813],[0.514,-1.65],[-0.8,-1.547],[-1.66,-0.528]],"o":[[0,0],[0.812,0.252],[0.847,-0.078],[0.753,-0.397],[0.544,-0.655],[0,0],[0.265,-0.815],[-0.068,-0.855],[-0.389,-0.763],[-0.652,-0.556],[0,0],[0,0],[-1.657,-0.494],[-1.526,0.812],[-0.528,1.66],[0.801,1.547],[0,0]],"v":[[-25.534,-0.849],[21.905,13.561],[24.421,13.825],[26.845,13.106],[28.81,11.514],[30.016,9.291],[30.016,9.211],[30.315,6.683],[29.624,4.232],[28.048,2.233],[25.826,0.991],[25.725,0.991],[-21.704,-13.409],[-26.671,-12.912],[-29.854,-9.069],[-29.428,-4.06],[-25.585,-0.819]],"c":true},"ix":2},"nm":"Path 1","mn":"ADBE Vector Shape - Group","hd":false},{"ty":"fl","c":{"a":0,"k":[1,1,1,1],"ix":4},"o":{"a":0,"k":100,"ix":5},"r":1,"bm":0,"nm":"Fill 1","mn":"ADBE Vector Graphic - Fill","hd":false},{"ty":"tr","p":{"a":0,"k":[390.781,78.974],"ix":2},"a":{"a":0,"k":[0,0],"ix":1},"s":{"a":0,"k":[100,100],"ix":3},"r":{"a":0,"k":0,"ix":6},"o":{"a":0,"k":100,"ix":7},"sk":{"a":0,"k":0,"ix":4},"sa":{"a":0,"k":0,"ix":5},"nm":"Transform"}],"nm":"Group 4","np":2,"cix":2,"bm":0,"ix":4,"mn":"ADBE Vector Group","hd":false},{"ty":"gr","it":[{"ind":0,"ty":"sh","ix":1,"ks":{"a":0,"k":{"i":[[0.514,-1.648],[-0.373,-1.234],[-0.995,-0.819],[-1.283,-0.127],[-1.137,0.606],[-0.61,1.136],[0.125,1.284],[0.816,0.998],[1.233,0.376],[1.523,-0.812]],"o":[[-0.375,1.233],[0.374,1.234],[0.996,0.819],[1.283,0.128],[1.138,-0.607],[0.609,-1.137],[-0.124,-1.283],[-0.817,-0.998],[-1.655,-0.491],[-1.523,0.812]],"v":[[-6.238,-1.841],[-6.241,1.945],[-4.141,5.093],[-0.645,6.544],[3.067,5.81],[5.747,3.137],[6.489,-0.576],[5.046,-4.073],[1.902,-6.18],[-3.058,-5.68]],"c":true},"ix":2},"nm":"Path 1","mn":"ADBE Vector Shape - Group","hd":false},{"ty":"fl","c":{"a":0,"k":[1,1,1,1],"ix":4},"o":{"a":0,"k":100,"ix":5},"r":1,"bm":0,"nm":"Fill 1","mn":"ADBE Vector Graphic - Fill","hd":false},{"ty":"tr","p":{"a":0,"k":[444.564,95.376],"ix":2},"a":{"a":0,"k":[0,0],"ix":1},"s":{"a":0,"k":[100,100],"ix":3},"r":{"a":0,"k":0,"ix":6},"o":{"a":0,"k":100,"ix":7},"sk":{"a":0,"k":0,"ix":4},"sa":{"a":0,"k":0,"ix":5},"nm":"Transform"}],"nm":"Group 5","np":2,"cix":2,"bm":0,"ix":5,"mn":"ADBE Vector Group","hd":false},{"ty":"gr","it":[{"ind":0,"ty":"sh","ix":1,"ks":{"a":0,"k":{"i":[[1.545,-5.09],[-1.151,-3.799],[-3.068,-2.52],[-3.95,-0.38],[-3.5,1.869],[-1.869,3.5],[0.391,3.949],[2.52,3.07],[3.798,1.15],[4.688,-2.5]],"o":[[-1.154,3.8],[1.151,3.8],[3.068,2.511],[3.949,0.391],[3.499,-1.871],[1.87,-3.5],[-0.391,-3.951],[-2.52,-3.06],[-5.088,-1.54],[-4.687,2.51]],"v":[[-19.196,-5.635],[-19.2,6.015],[-12.73,15.705],[-1.967,20.155],[9.458,17.886],[17.692,9.645],[19.96,-1.784],[15.495,-12.545],[5.804,-19.005],[-9.463,-17.495]],"c":true},"ix":2},"nm":"Path 1","mn":"ADBE Vector Shape - Group","hd":false},{"ty":"fl","c":{"a":0,"k":[1,1,1,1],"ix":4},"o":{"a":0,"k":100,"ix":5},"r":1,"bm":0,"nm":"Fill 1","mn":"ADBE Vector Graphic - Fill","hd":false},{"ty":"tr","p":{"a":0,"k":[193.292,782.11],"ix":2},"a":{"a":0,"k":[0,0],"ix":1},"s":{"a":0,"k":[100,100],"ix":3},"r":{"a":0,"k":0,"ix":6},"o":{"a":0,"k":100,"ix":7},"sk":{"a":0,"k":0,"ix":4},"sa":{"a":0,"k":0,"ix":5},"nm":"Transform"}],"nm":"Group 6","np":2,"cix":2,"bm":0,"ix":6,"mn":"ADBE Vector Group","hd":false},{"ty":"gr","it":[{"ind":0,"ty":"sh","ix":1,"ks":{"a":0,"k":{"i":[[0,0],[-28.968,-22.525],[-2.442,-7.398],[1.937,-7.547],[125.22,17.55]],"o":[[34.744,11.803],[6.049,4.91],[2.443,7.399],[-14.7,57.649],[0,0]],"v":[[-16.759,-144.54],[79.481,-92.689],[92.486,-73.839],[93.261,-50.949],[-95.199,126.99]],"c":true},"ix":2},"nm":"Path 1","mn":"ADBE Vector Shape - Group","hd":false},{"ty":"st","c":{"a":0,"k":[1,1,1,1],"ix":3},"o":{"a":0,"k":100,"ix":4},"w":{"a":0,"k":0.37,"ix":5},"lc":1,"lj":1,"ml":10,"bm":0,"nm":"Stroke 1","mn":"ADBE Vector Graphic - Stroke","hd":false},{"ty":"fl","c":{"a":0,"k":[0.219999994016,0.372999991623,0.675,1],"ix":4},"o":{"a":0,"k":100,"ix":5},"r":1,"bm":0,"nm":"Fill 1","mn":"ADBE Vector Graphic - Fill","hd":false},{"ty":"tr","p":{"a":0,"k":[339.005,526.525],"ix":2},"a":{"a":0,"k":[0,0],"ix":1},"s":{"a":0,"k":[100,100],"ix":3},"r":{"a":0,"k":0,"ix":6},"o":{"a":0,"k":100,"ix":7},"sk":{"a":0,"k":0,"ix":4},"sa":{"a":0,"k":0,"ix":5},"nm":"Transform"}],"nm":"Group 7","np":3,"cix":2,"bm":0,"ix":7,"mn":"ADBE Vector Group","hd":false},{"ty":"gr","it":[{"ind":0,"ty":"sh","ix":1,"ks":{"a":0,"k":{"i":[[0,0],[36.494,-3.625],[6.015,-4.952],[2.366,-7.424],[-115.44,-52]],"o":[[-35.664,-8.544],[-7.74,0.898],[-6.015,4.953],[-18.32,56.601],[0,0]],"v":[[96.86,-130.263],[-12.14,-137.693],[-33.211,-128.732],[-46.05,-109.772],[18.58,141.318]],"c":true},"ix":2},"nm":"Path 1","mn":"ADBE Vector Shape - Group","hd":false},{"ty":"st","c":{"a":0,"k":[1,1,1,1],"ix":3},"o":{"a":0,"k":100,"ix":4},"w":{"a":0,"k":0.37,"ix":5},"lc":1,"lj":1,"ml":10,"bm":0,"nm":"Stroke 1","mn":"ADBE Vector Graphic - Stroke","hd":false},{"ty":"fl","c":{"a":0,"k":[0.152999997606,0.289999988032,0.62400004069,1],"ix":4},"o":{"a":0,"k":100,"ix":5},"r":1,"bm":0,"nm":"Fill 1","mn":"ADBE Vector Graphic - Fill","hd":false},{"ty":"tr","p":{"a":0,"k":[225.386,512.247],"ix":2},"a":{"a":0,"k":[0,0],"ix":1},"s":{"a":0,"k":[100,100],"ix":3},"r":{"a":0,"k":0,"ix":6},"o":{"a":0,"k":100,"ix":7},"sk":{"a":0,"k":0,"ix":4},"sa":{"a":0,"k":0,"ix":5},"nm":"Transform"}],"nm":"Group 8","np":3,"cix":2,"bm":0,"ix":8,"mn":"ADBE Vector Group","hd":false},{"ty":"gr","it":[{"ind":0,"ty":"sh","ix":1,"ks":{"a":0,"k":{"i":[[0,0],[-28.955,-22.52],[-2.443,-7.397],[1.938,-7.545],[125.23,17.5]],"o":[[34.741,11.771],[6.05,4.907],[2.442,7.396],[-14.7,57.651],[0,0]],"v":[[-16.734,-144.514],[79.486,-92.714],[92.493,-73.869],[93.266,-50.985],[-95.204,127.015]],"c":true},"ix":2},"nm":"Path 1","mn":"ADBE Vector Shape - Group","hd":false},{"ty":"fl","c":{"a":0,"k":[0.819999964097,0.827000038297,0.830999995213,1],"ix":4},"o":{"a":0,"k":100,"ix":5},"r":1,"bm":0,"nm":"Fill 1","mn":"ADBE Vector Graphic - Fill","hd":false},{"ty":"tr","p":{"a":0,"k":[321.979,541.17],"ix":2},"a":{"a":0,"k":[0,0],"ix":1},"s":{"a":0,"k":[100,100],"ix":3},"r":{"a":0,"k":0,"ix":6},"o":{"a":0,"k":100,"ix":7},"sk":{"a":0,"k":0,"ix":4},"sa":{"a":0,"k":0,"ix":5},"nm":"Transform"}],"nm":"Group 9","np":2,"cix":2,"bm":0,"ix":9,"mn":"ADBE Vector Group","hd":false},{"ty":"gr","it":[{"ind":0,"ty":"sh","ix":1,"ks":{"a":0,"k":{"i":[[0,0],[36.496,-3.623],[6.031,-4.954],[2.379,-7.432],[-115.44,-52]],"o":[[-35.66,-8.568],[-7.753,0.887],[-6.031,4.952],[-18.32,56.601],[0,0]],"v":[[96.905,-130.222],[-12.095,-137.693],[-33.211,-128.745],[-46.095,-109.773],[18.535,141.317]],"c":true},"ix":2},"nm":"Path 1","mn":"ADBE Vector Shape - Group","hd":false},{"ty":"fl","c":{"a":0,"k":[0.819999964097,0.827000038297,0.830999995213,1],"ix":4},"o":{"a":0,"k":100,"ix":5},"r":1,"bm":0,"nm":"Fill 1","mn":"ADBE Vector Graphic - Fill","hd":false},{"ty":"tr","p":{"a":0,"k":[208.34,526.878],"ix":2},"a":{"a":0,"k":[0,0],"ix":1},"s":{"a":0,"k":[100,100],"ix":3},"r":{"a":0,"k":0,"ix":6},"o":{"a":0,"k":100,"ix":7},"sk":{"a":0,"k":0,"ix":4},"sa":{"a":0,"k":0,"ix":5},"nm":"Transform"}],"nm":"Group 10","np":2,"cix":2,"bm":0,"ix":10,"mn":"ADBE Vector Group","hd":false},{"ty":"gr","it":[{"ind":0,"ty":"sh","ix":1,"ks":{"a":0,"k":{"i":[[3.099,-10.187],[0,0],[-10.187,-3.099],[0,0],[-3.099,10.18],[0,0],[10.187,3.099],[0,0]],"o":[[0,0],[-3.1,10.18],[0,0],[10.188,3.1],[0,0],[3.1,-10.188],[0,0],[-10.187,-3.099]],"v":[[-69.218,-358.698],[-257.241,259.391],[-244.407,283.44],[45.16,371.531],[69.217,358.701],[257.241,-259.386],[244.407,-283.443],[-45.161,-371.531]],"c":true},"ix":2},"nm":"Path 1","mn":"ADBE Vector Shape - Group","hd":false},{"ty":"fl","c":{"a":0,"k":[1,1,1,1],"ix":4},"o":{"a":0,"k":100,"ix":5},"r":1,"bm":0,"nm":"Fill 1","mn":"ADBE Vector Graphic - Fill","hd":false},{"ty":"tr","p":{"a":0,"k":[301.102,427.984],"ix":2},"a":{"a":0,"k":[0,0],"ix":1},"s":{"a":0,"k":[100,100],"ix":3},"r":{"a":0,"k":0,"ix":6},"o":{"a":0,"k":100,"ix":7},"sk":{"a":0,"k":0,"ix":4},"sa":{"a":0,"k":0,"ix":5},"nm":"Transform"}],"nm":"Group 11","np":2,"cix":2,"bm":0,"ix":11,"mn":"ADBE Vector Group","hd":false},{"ty":"gr","it":[{"ind":0,"ty":"sh","ix":1,"ks":{"a":0,"k":{"i":[[8.532,-28.046],[0,0],[-28.046,-8.53],[0,0],[-8.532,28.05],[0,0],[28.047,8.532],[0,0]],"o":[[0,0],[-8.531,28.05],[0,0],[28.046,8.53],[0,0],[8.53,-28.047],[0,0],[-28.046,-8.531]],"v":[[-85.96,-392.208],[-289.808,277.892],[-254.474,344.122],[19.73,427.542],[85.96,392.202],[289.809,-277.896],[254.473,-344.128],[-19.73,-427.542]],"c":true},"ix":2},"nm":"Path 1","mn":"ADBE Vector Shape - Group","hd":false},{"ty":"fl","c":{"a":0,"k":[0.286000001197,0.616000007181,0.838999968884,1],"ix":4},"o":{"a":0,"k":100,"ix":5},"r":1,"bm":0,"nm":"Fill 1","mn":"ADBE Vector Graphic - Fill","hd":false},{"ty":"tr","p":{"a":0,"k":[298.589,436.323],"ix":2},"a":{"a":0,"k":[0,0],"ix":1},"s":{"a":0,"k":[100,100],"ix":3},"r":{"a":0,"k":0,"ix":6},"o":{"a":0,"k":100,"ix":7},"sk":{"a":0,"k":0,"ix":4},"sa":{"a":0,"k":0,"ix":5},"nm":"Transform"}],"nm":"Group 12","np":2,"cix":2,"bm":0,"ix":12,"mn":"ADBE Vector Group","hd":false}],"ip":0,"op":240,"st":0,"bm":0},{"ddd":0,"ind":2,"ty":4,"nm":"Layer 3 Outlines","sr":1,"ks":{"o":{"a":0,"k":100,"ix":11},"r":{"a":0,"k":0,"ix":10},"p":{"a":0,"k":[581.408,251.904,0],"ix":2},"a":{"a":0,"k":[153.828,135.966,0],"ix":1},"s":{"a":0,"k":[100,100,100],"ix":6}},"ao":0,"shapes":[{"ty":"gr","it":[{"ind":0,"ty":"sh","ix":1,"ks":{"a":0,"k":{"i":[[0,0],[0,0],[0,0],[0,0],[0,0],[0,0]],"o":[[0,0],[0,0],[0,0],[0,0],[0,0],[0,0]],"v":[[-28.045,-29.06],[28.045,27.29],[1.394,54.95],[-0.005,-54.95],[26.515,-27.03],[-26.775,28.81]],"c":false},"ix":2},"nm":"Path 1","mn":"ADBE Vector Shape - Group","hd":false},{"ty":"st","c":{"a":0,"k":[1,1,1,1],"ix":3},"o":{"a":0,"k":100,"ix":4},"w":{"a":0,"k":10,"ix":5},"lc":1,"lj":1,"ml":10,"bm":0,"nm":"Stroke 1","mn":"ADBE Vector Graphic - Stroke","hd":false},{"ty":"tr","p":{"a":0,"k":[153.828,107.391],"ix":2},"a":{"a":0,"k":[0,0],"ix":1},"s":{"a":0,"k":[100,100],"ix":3},"r":{"a":0,"k":0,"ix":6},"o":{"a":0,"k":100,"ix":7},"sk":{"a":0,"k":0,"ix":4},"sa":{"a":0,"k":0,"ix":5},"nm":"Transform"}],"nm":"Group 1","np":2,"cix":2,"bm":0,"ix":1,"mn":"ADBE Vector Group","hd":false},{"ty":"gr","it":[{"ind":0,"ty":"sh","ix":1,"ks":{"a":0,"k":{"i":[[0.002,0],[0,0],[3.938,-1.632],[3.014,-3.015],[1.629,-3.94],[-0.003,-4.263],[0,0],[-1.63,-3.938],[-3.014,-3.013],[-3.938,-1.63],[-4.262,0.003],[0,0],[0,0],[0,0],[0,0],[-3.939,1.63],[-3.015,3.014],[-1.63,3.938],[0.003,4.262],[0,0],[1.631,3.938],[3.014,3.015],[3.937,1.63],[4.261,0]],"o":[[0,0],[-4.263,-0.001],[-3.938,1.63],[-3.014,3.015],[-1.63,3.938],[0,0],[-0.003,4.262],[1.63,3.938],[3.013,3.014],[3.938,1.63],[0,0],[0,0],[0,0],[0,0],[4.262,0.003],[3.937,-1.63],[3.013,-3.013],[1.631,-3.938],[0,0],[0.003,-4.263],[-1.628,-3.94],[-3.014,-3.015],[-3.938,-1.631],[-0.002,0]],"v":[[121.125,-135.715],[-121.125,-135.715],[-133.547,-133.245],[-144.077,-126.21],[-151.11,-115.676],[-153.575,-103.254],[-153.575,48.026],[-151.11,60.447],[-144.076,70.977],[-133.546,78.01],[-121.125,80.476],[-32.424,80.476],[0.925,135.716],[32.395,80.476],[121.125,80.476],[133.546,78.01],[144.077,70.977],[151.109,60.447],[153.575,48.026],[153.575,-103.254],[151.109,-115.676],[144.077,-126.21],[133.548,-133.245],[121.132,-135.715]],"c":true},"ix":2},"nm":"Path 2","mn":"ADBE Vector Shape - Group","hd":false},{"ty":"mm","mm":4,"nm":"Merge Paths 1","mn":"ADBE Vector Filter - Merge","hd":false},{"ty":"gf","o":{"a":0,"k":100,"ix":10},"r":1,"bm":0,"g":{"p":3,"k":{"a":0,"k":[0,0.286,0.616,0.839,0.5,0.214,0.429,0.712,1,0.141,0.243,0.584],"ix":9}},"s":{"a":0,"k":[-69.156,-90.352],"ix":5},"e":{"a":0,"k":[110.922,78.023],"ix":6},"t":1,"nm":"Gradient Fill 1","mn":"ADBE Vector Graphic - G-Fill","hd":false},{"ty":"tr","p":{"a":0,"k":[153.828,135.966],"ix":2},"a":{"a":0,"k":[0,0],"ix":1},"s":{"a":0,"k":[100,100],"ix":3},"r":{"a":0,"k":0,"ix":6},"o":{"a":0,"k":100,"ix":7},"sk":{"a":0,"k":0,"ix":4},"sa":{"a":0,"k":0,"ix":5},"nm":"Transform"}],"nm":"Group 2","np":3,"cix":2,"bm":0,"ix":2,"mn":"ADBE Vector Group","hd":false}],"ip":0,"op":240,"st":0,"bm":0},{"ddd":0,"ind":3,"ty":4,"nm":"1 Outlines","sr":1,"ks":{"o":{"a":0,"k":100,"ix":11},"r":{"a":0,"k":0,"ix":10},"p":{"a":0,"k":[590.553,425.614,0],"ix":2},"a":{"a":0,"k":[121.47,117.576,0],"ix":1},"s":{"a":0,"k":[100,100,100],"ix":6}},"ao":0,"shapes":[{"ty":"gr","it":[{"ind":0,"ty":"sh","ix":1,"ks":{"a":0,"k":{"i":[[0,0],[-9.826,16.171],[3.078,18.658],[14.503,12.179],[18.957,-0.154],[14.302,-12.412],[2.772,-18.706],[-10.09,-16.009],[-18.101,-5.618]],"o":[[18.008,-5.911],[9.827,-16.17],[-3.077,-18.658],[-14.503,-12.178],[-18.959,0.154],[-14.304,12.413],[-2.773,18.705],[10.089,16.009],[0,0]],"v":[[24.803,77.181],[67.934,42.964],[78.392,-11.005],[51.15,-58.789],[-0.699,-77.422],[-52.238,-57.95],[-78.697,-9.729],[-67.36,44.062],[-23.676,77.576]],"c":false},"ix":2},"nm":"Path 1","mn":"ADBE Vector Shape - Group","hd":false},{"ty":"st","c":{"a":0,"k":[0.689999988032,0.689999988032,0.689999988032,1],"ix":3},"o":{"a":1,"k":[{"i":{"x":[0.667],"y":[1]},"o":{"x":[0.333],"y":[0]},"t":50,"s":[0]},{"t":60,"s":[100]}],"ix":4},"w":{"a":0,"k":40,"ix":5},"lc":2,"lj":1,"ml":4,"bm":0,"nm":"Stroke 1","mn":"ADBE Vector Graphic - Stroke","hd":false},{"ty":"tr","p":{"a":0,"k":[121.471,117.576],"ix":2},"a":{"a":0,"k":[0,0],"ix":1},"s":{"a":0,"k":[100,100],"ix":3},"r":{"a":0,"k":0,"ix":6},"o":{"a":0,"k":100,"ix":7},"sk":{"a":0,"k":0,"ix":4},"sa":{"a":0,"k":0,"ix":5},"nm":"Transform"}],"nm":"Group 1","np":2,"cix":2,"bm":0,"ix":1,"mn":"ADBE Vector Group","hd":false}],"ip":50,"op":96,"st":0,"bm":0},{"ddd":0,"ind":4,"ty":4,"nm":"1 Outlines 2","sr":1,"ks":{"o":{"a":0,"k":100,"ix":11},"r":{"a":0,"k":0,"ix":10},"p":{"a":0,"k":[590.553,425.614,0],"ix":2},"a":{"a":0,"k":[121.47,117.576,0],"ix":1},"s":{"a":0,"k":[100,100,100],"ix":6}},"ao":0,"shapes":[{"ty":"gr","it":[{"ind":0,"ty":"sh","ix":1,"ks":{"a":0,"k":{"i":[[0,0],[-9.826,16.171],[3.078,18.658],[14.503,12.179],[18.957,-0.154],[14.302,-12.412],[2.772,-18.706],[-10.09,-16.009],[-18.101,-5.618]],"o":[[18.008,-5.911],[9.827,-16.17],[-3.077,-18.658],[-14.503,-12.178],[-18.959,0.154],[-14.304,12.413],[-2.773,18.705],[10.089,16.009],[0,0]],"v":[[24.803,77.181],[67.934,42.964],[78.392,-11.005],[51.15,-58.789],[-0.699,-77.422],[-52.238,-57.95],[-78.697,-9.729],[-67.36,44.062],[-23.676,77.576]],"c":false},"ix":2},"nm":"Path 1","mn":"ADBE Vector Shape - Group","hd":false},{"ty":"st","c":{"a":0,"k":[0.689999988032,0.689999988032,0.689999988032,1],"ix":3},"o":{"a":1,"k":[{"i":{"x":[0.667],"y":[1]},"o":{"x":[0.333],"y":[0]},"t":168,"s":[100]},{"t":177,"s":[0]}],"ix":4},"w":{"a":0,"k":40,"ix":5},"lc":2,"lj":1,"ml":4,"bm":0,"nm":"Stroke 1","mn":"ADBE Vector Graphic - Stroke","hd":false},{"ty":"tr","p":{"a":0,"k":[121.471,117.576],"ix":2},"a":{"a":0,"k":[0,0],"ix":1},"s":{"a":0,"k":[100,100],"ix":3},"r":{"a":0,"k":0,"ix":6},"o":{"a":0,"k":100,"ix":7},"sk":{"a":0,"k":0,"ix":4},"sa":{"a":0,"k":0,"ix":5},"nm":"Transform"}],"nm":"Group 1","np":2,"cix":2,"bm":0,"ix":1,"mn":"ADBE Vector Group","hd":false}],"ip":91,"op":178,"st":0,"bm":0},{"ddd":0,"ind":5,"ty":4,"nm":"2 Outlines","sr":1,"ks":{"o":{"a":0,"k":100,"ix":11},"r":{"a":0,"k":0,"ix":10},"p":{"a":0,"k":[588.896,428.124,0],"ix":2},"a":{"a":0,"k":[235.238,232.533,0],"ix":1},"s":{"a":0,"k":[100,100,100],"ix":6}},"ao":0,"shapes":[{"ty":"gr","it":[{"ind":0,"ty":"sh","ix":1,"ks":{"a":0,"k":{"i":[[0,0],[-35.161,28.528],[-8.111,44.527],[22.835,39.126],[42.807,14.921],[42.207,-16.455],[21.322,-39.922],[-9.809,-44.203],[-36.228,-27.242]],"o":[[45.311,1.181],[35.16,-28.53],[8.112,-44.528],[-22.836,-39.127],[-42.81,-14.923],[-42.208,16.454],[-21.323,39.923],[9.811,44.205],[0,0]],"v":[[-4.624,191.352],[120.071,148.974],[187.125,35.768],[164.311,-93.86],[62.592,-177.611],[-69.146,-175.234],[-167.589,-87.875],[-185.429,42.487],[-114.088,153.198]],"c":false},"ix":2},"nm":"Path 1","mn":"ADBE Vector Shape - Group","hd":false},{"ty":"st","c":{"a":0,"k":[0.689999988032,0.689999988032,0.689999988032,1],"ix":3},"o":{"a":1,"k":[{"i":{"x":[0.667],"y":[1]},"o":{"x":[0.333],"y":[0]},"t":60,"s":[0]},{"t":67,"s":[100]}],"ix":4},"w":{"a":0,"k":40,"ix":5},"lc":2,"lj":1,"ml":4,"bm":0,"nm":"Stroke 1","mn":"ADBE Vector Graphic - Stroke","hd":false},{"ty":"tr","p":{"a":0,"k":[235.237,232.534],"ix":2},"a":{"a":0,"k":[0,0],"ix":1},"s":{"a":0,"k":[100,100],"ix":3},"r":{"a":0,"k":0,"ix":6},"o":{"a":0,"k":100,"ix":7},"sk":{"a":0,"k":0,"ix":4},"sa":{"a":0,"k":0,"ix":5},"nm":"Transform"}],"nm":"Group 1","np":2,"cix":2,"bm":0,"ix":1,"mn":"ADBE Vector Group","hd":false}],"ip":60,"op":104,"st":-27,"bm":0},{"ddd":0,"ind":6,"ty":4,"nm":"2 Outlines 2","sr":1,"ks":{"o":{"a":0,"k":100,"ix":11},"r":{"a":0,"k":0,"ix":10},"p":{"a":0,"k":[588.896,428.124,0],"ix":2},"a":{"a":0,"k":[235.238,232.533,0],"ix":1},"s":{"a":0,"k":[100,100,100],"ix":6}},"ao":0,"shapes":[{"ty":"gr","it":[{"ind":0,"ty":"sh","ix":1,"ks":{"a":0,"k":{"i":[[0,0],[-35.161,28.528],[-8.111,44.527],[22.835,39.126],[42.807,14.921],[42.207,-16.455],[21.322,-39.922],[-9.809,-44.203],[-36.228,-27.242]],"o":[[45.311,1.181],[35.16,-28.53],[8.112,-44.528],[-22.836,-39.127],[-42.81,-14.923],[-42.208,16.454],[-21.323,39.923],[9.811,44.205],[0,0]],"v":[[-4.624,191.352],[120.071,148.974],[187.125,35.768],[164.311,-93.86],[62.592,-177.611],[-69.146,-175.234],[-167.589,-87.875],[-185.429,42.487],[-114.088,153.198]],"c":false},"ix":2},"nm":"Path 1","mn":"ADBE Vector Shape - Group","hd":false},{"ty":"st","c":{"a":0,"k":[0.689999988032,0.689999988032,0.689999988032,1],"ix":3},"o":{"a":1,"k":[{"i":{"x":[0.667],"y":[1]},"o":{"x":[0.333],"y":[0]},"t":161,"s":[100]},{"t":171,"s":[0]}],"ix":4},"w":{"a":0,"k":40,"ix":5},"lc":2,"lj":1,"ml":4,"bm":0,"nm":"Stroke 1","mn":"ADBE Vector Graphic - Stroke","hd":false},{"ty":"tr","p":{"a":0,"k":[235.237,232.534],"ix":2},"a":{"a":0,"k":[0,0],"ix":1},"s":{"a":0,"k":[100,100],"ix":3},"r":{"a":0,"k":0,"ix":6},"o":{"a":0,"k":100,"ix":7},"sk":{"a":0,"k":0,"ix":4},"sa":{"a":0,"k":0,"ix":5},"nm":"Transform"}],"nm":"Group 1","np":2,"cix":2,"bm":0,"ix":1,"mn":"ADBE Vector Group","hd":false}],"ip":98,"op":171,"st":-27,"bm":0},{"ddd":0,"ind":7,"ty":4,"nm":"3 Outlines","sr":1,"ks":{"o":{"a":0,"k":100,"ix":11},"r":{"a":0,"k":0,"ix":10},"p":{"a":0,"k":[587.954,430.175,0],"ix":2},"a":{"a":0,"k":[356.784,354.383,0],"ix":1},"s":{"a":0,"k":[100,100,100],"ix":6}},"ao":0,"shapes":[{"ty":"gr","it":[{"ind":0,"ty":"sh","ix":1,"ks":{"a":0,"k":{"i":[[0,0],[-59.714,42.798],[-17.398,71.324],[33.275,65.572],[67.96,28.307],[69.982,-22.563],[38.372,-62.589],[-11.682,-72.535],[-56.12,-47.622]],"o":[[73.329,6.297],[59.713,-42.797],[17.401,-71.324],[-33.278,-65.573],[-67.96,-28.307],[-69.982,22.562],[-38.371,62.588],[11.68,72.535],[0,0]],"v":[[-26.267,308.085],[179.892,251.525],[299.383,74.685],[274.782,-137.446],[117.909,-282.919],[-95.843,-291.82],[-263.744,-159.872],[-305.102,49.513],[-200.043,235.703]],"c":false},"ix":2},"nm":"Path 1","mn":"ADBE Vector Shape - Group","hd":false},{"ty":"st","c":{"a":0,"k":[0.689999988032,0.689999988032,0.689999988032,1],"ix":3},"o":{"a":1,"k":[{"i":{"x":[0.667],"y":[1]},"o":{"x":[0.333],"y":[0]},"t":67,"s":[0]},{"t":76,"s":[100]}],"ix":4},"w":{"a":0,"k":40,"ix":5},"lc":2,"lj":1,"ml":4,"bm":0,"nm":"Stroke 1","mn":"ADBE Vector Graphic - Stroke","hd":false},{"ty":"tr","p":{"a":0,"k":[356.784,354.383],"ix":2},"a":{"a":0,"k":[0,0],"ix":1},"s":{"a":0,"k":[100,100],"ix":3},"r":{"a":0,"k":0,"ix":6},"o":{"a":0,"k":100,"ix":7},"sk":{"a":0,"k":0,"ix":4},"sa":{"a":0,"k":0,"ix":5},"nm":"Transform"}],"nm":"Group 1","np":2,"cix":2,"bm":0,"ix":1,"mn":"ADBE Vector Group","hd":false}],"ip":67,"op":112,"st":-47,"bm":0},{"ddd":0,"ind":8,"ty":4,"nm":"3 Outlines 2","sr":1,"ks":{"o":{"a":0,"k":100,"ix":11},"r":{"a":0,"k":0,"ix":10},"p":{"a":0,"k":[587.954,430.175,0],"ix":2},"a":{"a":0,"k":[356.784,354.383,0],"ix":1},"s":{"a":0,"k":[100,100,100],"ix":6}},"ao":0,"shapes":[{"ty":"gr","it":[{"ind":0,"ty":"sh","ix":1,"ks":{"a":0,"k":{"i":[[0,0],[-59.714,42.798],[-17.398,71.324],[33.275,65.572],[67.96,28.307],[69.982,-22.563],[38.372,-62.589],[-11.682,-72.535],[-56.12,-47.622]],"o":[[73.329,6.297],[59.713,-42.797],[17.401,-71.324],[-33.278,-65.573],[-67.96,-28.307],[-69.982,22.562],[-38.371,62.588],[11.68,72.535],[0,0]],"v":[[-26.267,308.085],[179.892,251.525],[299.383,74.685],[274.782,-137.446],[117.909,-282.919],[-95.843,-291.82],[-263.744,-159.872],[-305.102,49.513],[-200.043,235.703]],"c":false},"ix":2},"nm":"Path 1","mn":"ADBE Vector Shape - Group","hd":false},{"ty":"st","c":{"a":0,"k":[0.689999988032,0.689999988032,0.689999988032,1],"ix":3},"o":{"a":1,"k":[{"i":{"x":[0.667],"y":[1]},"o":{"x":[0.333],"y":[0]},"t":153,"s":[100]},{"t":162,"s":[0]}],"ix":4},"w":{"a":0,"k":40,"ix":5},"lc":2,"lj":1,"ml":4,"bm":0,"nm":"Stroke 1","mn":"ADBE Vector Graphic - Stroke","hd":false},{"ty":"tr","p":{"a":0,"k":[356.784,354.383],"ix":2},"a":{"a":0,"k":[0,0],"ix":1},"s":{"a":0,"k":[100,100],"ix":3},"r":{"a":0,"k":0,"ix":6},"o":{"a":0,"k":100,"ix":7},"sk":{"a":0,"k":0,"ix":4},"sa":{"a":0,"k":0,"ix":5},"nm":"Transform"}],"nm":"Group 1","np":2,"cix":2,"bm":0,"ix":1,"mn":"ADBE Vector Group","hd":false}],"ip":109,"op":164,"st":-47,"bm":0}],"markers":[]}